CREATE DATABASE  IF NOT EXISTS `willim_roster` /*!40100 DEFAULT CHARACTER SET utf8 */;
USE `willim_roster`;
-- MySQL dump 10.13  Distrib 5.7.9, for Win64 (x86_64)
--
-- Host: willimdb-ubuntu2.westeurope.cloudapp.azure.com    Database: willim_roster
-- ------------------------------------------------------
-- Server version	5.6.27-0ubuntu0.14.04.1

/*!40101 SET @OLD_CHARACTER_SET_CLIENT=@@CHARACTER_SET_CLIENT */;
/*!40101 SET @OLD_CHARACTER_SET_RESULTS=@@CHARACTER_SET_RESULTS */;
/*!40101 SET @OLD_COLLATION_CONNECTION=@@COLLATION_CONNECTION */;
/*!40101 SET NAMES utf8 */;
/*!40103 SET @OLD_TIME_ZONE=@@TIME_ZONE */;
/*!40103 SET TIME_ZONE='+00:00' */;
/*!40014 SET @OLD_UNIQUE_CHECKS=@@UNIQUE_CHECKS, UNIQUE_CHECKS=0 */;
/*!40014 SET @OLD_FOREIGN_KEY_CHECKS=@@FOREIGN_KEY_CHECKS, FOREIGN_KEY_CHECKS=0 */;
/*!40101 SET @OLD_SQL_MODE=@@SQL_MODE, SQL_MODE='NO_AUTO_VALUE_ON_ZERO' */;
/*!40111 SET @OLD_SQL_NOTES=@@SQL_NOTES, SQL_NOTES=0 */;

--
-- Table structure for table `groups`
--

DROP TABLE IF EXISTS `groups`;
/*!40101 SET @saved_cs_client     = @@character_set_client */;
/*!40101 SET character_set_client = utf8 */;
CREATE TABLE `groups` (
  `id` int(11) NOT NULL AUTO_INCREMENT,
  `group_name` varchar(45) NOT NULL,
  PRIMARY KEY (`id`),
  UNIQUE KEY `group_name_UNIQUE` (`group_name`)
) ENGINE=InnoDB AUTO_INCREMENT=8 DEFAULT CHARSET=utf8;
/*!40101 SET character_set_client = @saved_cs_client */;

--
-- Dumping data for table `groups`
--

LOCK TABLES `groups` WRITE;
/*!40000 ALTER TABLE `groups` DISABLE KEYS */;
INSERT INTO `groups` VALUES (4,'app'),(7,'corporate'),(6,'energeia'),(2,'esb'),(1,'fdmg'),(5,'pensioenpro'),(3,'webwriter');
/*!40000 ALTER TABLE `groups` ENABLE KEYS */;
UNLOCK TABLES;

--
-- Table structure for table `settings_workdays`
--

DROP TABLE IF EXISTS `settings_workdays`;
/*!40101 SET @saved_cs_client     = @@character_set_client */;
/*!40101 SET character_set_client = utf8 */;
CREATE TABLE `settings_workdays` (
  `id` int(11) NOT NULL AUTO_INCREMENT,
  `monday` tinyint(1) DEFAULT '1',
  `tuesday` tinyint(1) DEFAULT '1',
  `wednesday` tinyint(1) DEFAULT '1',
  `thursday` tinyint(1) DEFAULT '1',
  `friday` tinyint(1) DEFAULT '1',
  `saturday` tinyint(1) DEFAULT '0',
  `sunday` tinyint(1) DEFAULT '0',
  PRIMARY KEY (`id`),
  KEY `idx_workdays_idx` (`monday`,`tuesday`,`wednesday`,`thursday`,`friday`,`saturday`,`sunday`)
) ENGINE=InnoDB DEFAULT CHARSET=utf8;
/*!40101 SET character_set_client = @saved_cs_client */;

--
-- Dumping data for table `settings_workdays`
--

LOCK TABLES `settings_workdays` WRITE;
/*!40000 ALTER TABLE `settings_workdays` DISABLE KEYS */;
/*!40000 ALTER TABLE `settings_workdays` ENABLE KEYS */;
UNLOCK TABLES;

--
-- Table structure for table `users`
--

DROP TABLE IF EXISTS `users`;
/*!40101 SET @saved_cs_client     = @@character_set_client */;
/*!40101 SET character_set_client = utf8 */;
CREATE TABLE `users` (
  `id` bigint(20) NOT NULL AUTO_INCREMENT,
  `username` varchar(45) NOT NULL,
  `enabled` tinyint(1) NOT NULL DEFAULT '1',
  PRIMARY KEY (`id`),
  UNIQUE KEY `username_UNIQUE` (`username`)
) ENGINE=InnoDB AUTO_INCREMENT=32 DEFAULT CHARSET=utf8;
/*!40101 SET character_set_client = @saved_cs_client */;

--
-- Dumping data for table `users`
--

LOCK TABLES `users` WRITE;
/*!40000 ALTER TABLE `users` DISABLE KEYS */;
INSERT INTO `users` VALUES (1,'WLiu',1),(2,'Bie',1),(3,'Grrt',1),(4,'SAnkr',0),(5,'Jorm',1),(6,'René',1),(7,'Jelm',1),(8,'Tom',1),(9,'Mrln',0),(10,'Rob',1),(11,'Ben',1),(12,'Jrn',1),(13,'Grbn',1),(27,'Mth',1),(28,'SRhd',1),(29,'Stef',1),(30,'Arvn',0),(31,'Alex',1);
/*!40000 ALTER TABLE `users` ENABLE KEYS */;
UNLOCK TABLES;

--
-- Table structure for table `users_dates`
--

DROP TABLE IF EXISTS `users_dates`;
/*!40101 SET @saved_cs_client     = @@character_set_client */;
/*!40101 SET character_set_client = utf8 */;
CREATE TABLE `users_dates` (
  `id` bigint(20) NOT NULL AUTO_INCREMENT,
  `user_id` bigint(20) NOT NULL,
  `free` tinyint(1) DEFAULT '1',
  `out_of_office` tinyint(1) DEFAULT '0',
  `support_duty` tinyint(1) DEFAULT '0',
  `groups` varchar(1024) DEFAULT NULL,
  `dt` date NOT NULL,
  `updated` timestamp NOT NULL DEFAULT CURRENT_TIMESTAMP ON UPDATE CURRENT_TIMESTAMP,
  PRIMARY KEY (`id`),
  UNIQUE KEY `idx_users_dates_unique` (`user_id`,`dt`),
  KEY `idx_users_dates_idx` (`free`,`out_of_office`,`support_duty`,`groups`(255))
) ENGINE=InnoDB AUTO_INCREMENT=1156 DEFAULT CHARSET=utf8;
/*!40101 SET character_set_client = @saved_cs_client */;

--
-- Dumping data for table `users_dates`
--

LOCK TABLES `users_dates` WRITE;
/*!40000 ALTER TABLE `users_dates` DISABLE KEYS */;
INSERT INTO `users_dates` VALUES (2,1,2,0,0,NULL,'2016-01-29','2016-01-25 12:01:31'),(3,1,2,0,0,NULL,'2016-02-12','2016-01-25 12:02:09'),(4,9,1,0,0,NULL,'2016-01-28','2016-01-25 12:23:05'),(5,13,2,0,0,NULL,'2016-02-05','2016-01-25 12:22:33'),(6,13,2,0,1,NULL,'2016-02-19','2016-01-26 16:30:52'),(8,5,2,0,0,NULL,'2016-01-29','2016-01-25 12:24:21'),(9,7,1,0,0,NULL,'2016-01-28','2016-01-25 12:24:33'),(10,5,2,0,0,NULL,'2016-02-12','2016-01-25 12:26:54'),(11,10,2,0,0,NULL,'2016-01-27','2016-01-25 12:28:34'),(12,6,2,0,0,NULL,'2016-01-27','2016-01-26 08:57:08'),(13,6,2,0,1,NULL,'2016-02-03','2016-01-26 08:57:24'),(14,6,2,0,0,NULL,'2016-02-10','2016-01-25 12:31:07'),(15,6,2,0,0,NULL,'2016-02-17','2016-01-25 12:31:12'),(16,3,2,0,1,NULL,'2016-01-27','2016-01-26 08:56:35'),(17,3,2,0,0,NULL,'2016-02-10','2016-01-25 12:31:41'),(18,8,1,0,0,NULL,'2016-01-28','2016-01-25 13:00:10'),(19,2,2,0,0,NULL,'2016-01-25','2016-01-25 13:00:15'),(20,2,2,0,0,NULL,'2016-01-26','2016-01-25 13:00:17'),(21,27,2,0,0,NULL,'2016-01-29','2016-01-25 13:15:24'),(22,27,2,0,0,NULL,'2016-02-05','2016-01-25 13:15:29'),(23,27,2,0,0,NULL,'2016-02-12','2016-01-25 13:15:45'),(24,27,2,0,0,NULL,'2016-02-19','2016-01-25 13:15:51'),(25,12,2,0,0,NULL,'2016-01-27','2016-01-25 13:54:56'),(26,12,2,0,0,NULL,'2016-02-03','2016-01-25 13:55:04'),(27,12,2,0,1,NULL,'2016-02-10','2016-01-26 16:31:18'),(28,12,2,0,0,NULL,'2016-02-17','2016-01-25 13:55:26'),(29,2,1,0,0,NULL,'2016-02-10','2016-01-25 15:10:40'),(30,2,1,0,0,NULL,'2016-02-17','2016-01-25 15:10:43'),(31,2,1,0,0,NULL,'2016-02-03','2016-01-25 15:10:45'),(32,11,2,0,0,NULL,'2016-01-29','2016-01-25 15:10:49'),(33,11,2,0,0,NULL,'2016-02-05','2016-01-25 15:10:51'),(34,11,2,0,0,NULL,'2016-02-12','2016-01-25 15:10:54'),(35,11,2,0,0,NULL,'2016-02-19','2016-01-25 15:10:58'),(36,11,1,0,0,NULL,'2016-01-28','2016-01-25 15:14:13'),(37,6,0,0,0,NULL,'2016-01-29','2016-01-26 08:57:12'),(41,6,0,0,0,NULL,'2016-01-28','2016-01-26 08:57:09'),(43,6,0,0,0,NULL,'2016-02-01','2016-01-26 08:57:13'),(44,6,0,0,1,NULL,'2016-02-02','2016-01-26 08:18:01'),(45,6,0,0,0,NULL,'2016-01-26','2016-01-26 08:57:06'),(46,6,0,0,1,NULL,'2016-01-25','2016-01-26 08:18:39'),(48,3,0,0,1,NULL,'2016-01-26','2016-01-26 08:56:33'),(50,3,0,0,1,NULL,'2016-01-28','2016-01-26 08:56:37'),(51,3,0,0,1,NULL,'2016-01-29','2016-01-26 08:56:39'),(52,3,2,0,0,NULL,'2016-02-01','2016-02-01 09:49:57'),(59,6,0,0,1,NULL,'2016-02-04','2016-01-26 08:57:26'),(60,6,0,0,1,NULL,'2016-02-05','2016-01-26 08:57:27'),(61,6,0,0,0,NULL,'2016-02-08','2016-01-26 08:57:33'),(63,10,2,0,0,NULL,'2016-02-05','2016-01-26 10:48:28'),(64,10,2,0,0,NULL,'2016-02-12','2016-01-26 10:48:43'),(65,10,2,0,0,NULL,'2016-02-19','2016-01-26 10:48:51'),(66,2,2,0,0,NULL,'2016-01-27','2016-01-26 12:32:43'),(67,13,0,0,1,NULL,'2016-02-15','2016-01-26 16:30:38'),(68,13,0,0,1,NULL,'2016-02-16','2016-01-26 16:30:47'),(69,13,0,0,1,NULL,'2016-02-17','2016-01-26 16:30:49'),(70,13,0,0,1,NULL,'2016-02-18','2016-01-26 16:30:50'),(72,12,0,0,1,NULL,'2016-02-08','2016-01-26 16:31:14'),(73,12,0,0,1,NULL,'2016-02-09','2016-01-26 16:31:17'),(75,12,0,0,1,NULL,'2016-02-11','2016-01-26 16:31:19'),(76,12,0,0,1,NULL,'2016-02-12','2016-01-26 16:31:21'),(77,13,2,0,0,NULL,'2016-02-11','2016-02-04 13:27:22'),(78,13,2,0,0,NULL,'2016-02-12','2016-01-26 16:37:26'),(79,1,0,0,0,NULL,'2016-02-29','2016-01-27 08:36:21'),(80,1,2,0,0,NULL,'2016-03-23','2016-01-27 08:38:14'),(81,1,0,1,0,NULL,'2016-02-23','2016-01-27 08:36:01'),(82,1,0,1,0,NULL,'2016-02-24','2016-01-27 08:36:03'),(83,1,0,1,0,NULL,'2016-02-25','2016-01-28 14:50:45'),(84,1,2,1,0,NULL,'2016-02-26','2016-02-10 12:18:48'),(88,1,2,0,0,NULL,'2016-03-11','2016-01-27 08:36:54'),(90,1,2,0,0,NULL,'2016-03-25','2016-01-27 08:37:09'),(91,1,2,0,0,NULL,'2016-03-22','2016-01-27 08:38:10'),(93,1,2,0,0,NULL,'2016-03-24','2016-01-27 08:38:16'),(94,1,2,0,0,NULL,'2016-03-28','2016-01-27 08:38:24'),(95,1,2,0,0,NULL,'2016-03-29','2016-01-27 08:38:26'),(96,1,2,0,0,NULL,'2016-03-30','2016-01-27 08:38:30'),(97,1,2,0,0,NULL,'2016-03-31','2016-01-27 08:38:33'),(98,1,2,0,0,NULL,'2016-04-01','2016-01-27 08:38:36'),(99,1,2,0,0,NULL,'2016-04-04','2016-03-31 12:26:35'),(102,1,0,1,0,NULL,'2016-04-05','2016-01-27 08:38:59'),(103,1,0,1,0,NULL,'2016-04-06','2016-01-27 08:39:02'),(104,1,0,1,0,NULL,'2016-04-07','2016-01-27 08:39:04'),(105,1,0,1,0,NULL,'2016-04-08','2016-03-31 12:26:40'),(106,1,0,1,0,NULL,'2016-04-11','2016-01-27 08:39:07'),(107,1,0,1,0,NULL,'2016-04-12','2016-01-27 08:39:09'),(108,1,0,1,0,NULL,'2016-04-13','2016-01-27 08:39:13'),(109,1,0,1,0,NULL,'2016-04-14','2016-01-27 08:39:15'),(110,1,0,1,0,NULL,'2016-04-15','2016-01-27 08:39:17'),(111,1,0,1,0,NULL,'2016-04-18','2016-01-27 08:39:21'),(112,1,0,1,0,NULL,'2016-04-19','2016-01-27 08:39:23'),(113,1,0,1,0,NULL,'2016-04-20','2016-01-27 08:39:24'),(115,1,0,1,0,NULL,'2016-04-22','2016-04-14 16:05:08'),(117,1,0,1,0,NULL,'2016-04-21','2016-01-27 08:40:12'),(118,11,0,1,0,NULL,'2016-01-27','2016-01-27 09:09:22'),(119,11,0,1,0,NULL,'2016-02-03','2016-01-27 09:09:56'),(120,11,0,0,0,NULL,'2016-02-10','2016-01-27 09:09:41'),(121,11,0,0,0,NULL,'2016-02-17','2016-01-27 09:09:39'),(125,11,0,1,0,NULL,'2016-02-11','2016-01-27 09:09:46'),(126,11,0,1,0,NULL,'2016-02-18','2016-01-27 09:09:48'),(128,11,2,0,0,NULL,'2016-02-26','2016-01-27 09:10:11'),(129,11,2,0,0,NULL,'2016-03-04','2016-01-27 09:10:14'),(130,11,2,0,0,NULL,'2016-03-11','2016-01-27 09:10:19'),(131,11,2,0,0,NULL,'2016-03-18','2016-01-27 09:10:23'),(132,11,0,1,0,NULL,'2016-02-25','2016-01-27 09:10:25'),(133,11,0,1,0,NULL,'2016-03-03','2016-01-27 09:10:28'),(134,11,0,1,0,NULL,'2016-03-10','2016-01-27 09:10:29'),(135,11,2,0,0,NULL,'2016-05-05','2016-03-17 09:18:35'),(136,2,2,0,0,NULL,'2016-05-05','2016-03-17 09:18:35'),(137,13,2,0,0,NULL,'2016-05-05','2016-03-17 09:18:35'),(138,3,2,0,0,NULL,'2016-05-05','2016-03-17 09:18:35'),(139,5,2,0,0,NULL,'2016-05-05','2016-04-22 08:24:23'),(140,7,2,0,0,NULL,'2016-05-05','2016-03-17 09:18:35'),(141,12,2,0,0,NULL,'2016-05-05','2016-03-17 09:18:35'),(142,9,2,0,0,NULL,'2016-05-05','2016-03-17 09:18:35'),(143,27,2,0,0,NULL,'2016-05-05','2016-03-17 09:18:35'),(144,8,2,0,0,NULL,'2016-05-05','2016-03-17 09:18:35'),(145,6,2,0,1,NULL,'2016-05-05','2016-04-22 08:24:12'),(146,10,2,0,0,NULL,'2016-05-05','2016-03-17 09:18:35'),(147,4,2,0,0,NULL,'2016-05-05','2016-03-17 09:18:35'),(148,1,2,0,0,NULL,'2016-05-05','2016-03-17 09:18:35'),(149,11,2,0,0,NULL,'2016-03-28','2016-01-27 09:13:16'),(150,2,2,0,0,NULL,'2016-03-28','2016-01-27 09:13:18'),(151,13,2,0,0,NULL,'2016-03-28','2016-01-27 09:13:29'),(152,3,2,0,0,NULL,'2016-03-28','2016-01-27 09:13:41'),(153,5,2,0,0,NULL,'2016-03-28','2016-01-27 09:13:44'),(154,7,2,0,0,NULL,'2016-03-28','2016-01-27 09:13:47'),(155,12,2,0,0,NULL,'2016-03-28','2016-01-27 09:13:50'),(156,8,2,0,0,NULL,'2016-03-28','2016-01-27 09:13:52'),(157,27,2,0,0,NULL,'2016-03-28','2016-01-27 09:13:55'),(158,6,2,0,0,NULL,'2016-03-28','2016-01-27 09:13:57'),(159,9,2,0,0,NULL,'2016-03-28','2016-01-27 09:13:59'),(160,10,2,0,0,NULL,'2016-03-28','2016-01-27 09:14:02'),(161,4,2,0,0,NULL,'2016-03-28','2016-01-27 09:14:04'),(162,11,2,0,0,NULL,'2016-05-16','2016-01-27 09:14:31'),(163,2,2,0,0,NULL,'2016-05-16','2016-01-27 09:14:31'),(164,13,2,0,0,NULL,'2016-05-16','2016-01-27 09:14:31'),(165,3,2,0,0,NULL,'2016-05-16','2016-01-27 09:14:31'),(166,5,2,0,0,NULL,'2016-05-16','2016-01-27 09:14:31'),(167,7,2,0,0,NULL,'2016-05-16','2016-01-27 09:14:31'),(168,12,2,0,0,NULL,'2016-05-16','2016-01-27 09:14:31'),(169,8,2,0,0,NULL,'2016-05-16','2016-01-27 09:14:31'),(170,27,2,0,0,NULL,'2016-05-16','2016-01-27 09:14:31'),(171,9,2,0,0,NULL,'2016-05-16','2016-01-27 09:14:31'),(172,6,2,0,1,NULL,'2016-05-16','2016-05-09 08:16:46'),(173,10,2,0,0,NULL,'2016-05-16','2016-01-27 09:14:31'),(174,4,2,0,0,NULL,'2016-05-16','2016-01-27 09:14:31'),(175,1,2,0,0,NULL,'2016-05-16','2016-01-27 09:14:31'),(177,2,2,0,0,NULL,'2016-01-28','2016-01-27 11:56:59'),(178,2,2,0,0,NULL,'2016-01-29','2016-01-27 11:57:01'),(179,2,2,0,0,NULL,'2016-02-01','2016-01-27 11:57:07'),(180,2,2,0,0,NULL,'2016-02-02','2016-01-27 11:57:09'),(181,13,0,0,0,NULL,'2016-02-04','2016-02-04 08:19:57'),(182,1,0,0,0,NULL,'2016-01-25','2016-01-28 14:47:44'),(186,1,0,0,1,NULL,'2016-01-31','2016-01-28 14:27:46'),(187,1,0,0,1,NULL,'2016-02-07','2016-01-28 14:27:48'),(188,1,0,0,1,NULL,'2016-02-14','2016-01-28 14:27:51'),(189,1,0,0,1,NULL,'2016-02-21','2016-01-28 14:27:51'),(222,1,0,0,0,NULL,'2016-01-28','2016-01-28 14:48:16'),(223,1,0,0,0,NULL,'2016-02-04','2016-01-28 14:48:16'),(224,1,0,0,0,NULL,'2016-02-11','2016-02-10 21:29:16'),(225,1,0,1,0,NULL,'2016-02-18','2016-02-17 16:17:57'),(236,3,2,0,0,NULL,'2016-02-02','2016-02-01 09:50:23'),(237,3,2,0,0,NULL,'2016-02-03','2016-02-01 09:50:27'),(238,3,2,0,0,NULL,'2016-02-04','2016-02-01 09:50:31'),(239,3,2,0,0,NULL,'2016-02-05','2016-02-01 09:50:33'),(240,9,0,1,0,NULL,'2016-02-02','2016-02-01 09:54:38'),(245,8,0,1,0,NULL,'2016-02-08','2016-02-04 15:44:27'),(246,27,2,0,0,NULL,'2016-02-26','2016-02-09 10:49:13'),(247,27,2,0,0,NULL,'2016-03-04','2016-02-09 10:49:25'),(254,8,2,0,0,NULL,'2016-02-18','2016-02-16 08:51:34'),(255,8,2,0,0,NULL,'2016-02-19','2016-02-16 08:51:38'),(256,7,2,0,0,NULL,'2016-02-19','2016-02-16 08:53:44'),(261,9,1,1,0,NULL,'2016-02-25','2016-02-26 10:24:45'),(262,9,2,0,0,NULL,'2016-11-07','2016-02-16 12:15:56'),(263,9,2,0,0,NULL,'2016-11-08','2016-02-16 12:15:58'),(264,9,2,0,0,NULL,'2016-11-09','2016-02-16 12:16:02'),(265,9,2,0,0,NULL,'2016-11-10','2016-02-16 12:16:05'),(266,9,2,0,0,NULL,'2016-11-11','2016-02-16 12:16:08'),(267,9,2,0,0,NULL,'2016-11-14','2016-02-16 12:16:10'),(268,9,2,0,0,NULL,'2016-11-15','2016-02-16 12:16:13'),(269,9,2,0,0,NULL,'2016-11-16','2016-02-16 12:16:15'),(270,9,2,0,0,NULL,'2016-11-17','2016-02-16 12:16:17'),(271,9,2,0,0,NULL,'2016-11-18','2016-02-16 12:16:20'),(272,9,2,0,0,NULL,'2016-11-21','2016-02-16 12:16:23'),(273,9,2,0,0,NULL,'2016-11-22','2016-02-16 12:16:25'),(274,9,2,0,0,NULL,'2016-11-23','2016-02-16 12:16:28'),(275,9,2,0,0,NULL,'2016-11-24','2016-02-16 12:16:30'),(276,9,2,0,0,NULL,'2016-11-25','2016-02-16 12:16:40'),(279,5,2,0,0,NULL,'2016-02-17','2016-02-17 16:18:15'),(280,12,2,0,0,NULL,'2016-02-24','2016-02-18 15:27:51'),(281,12,2,0,0,NULL,'2016-03-02','2016-02-18 15:27:56'),(282,12,2,0,0,NULL,'2016-03-09','2016-02-18 15:28:01'),(283,5,2,0,0,NULL,'2016-02-26','2016-02-18 15:28:11'),(284,5,2,0,0,NULL,'2016-03-11','2016-02-18 15:28:14'),(285,3,2,0,0,NULL,'2016-02-24','2016-02-18 15:28:23'),(286,3,2,0,0,NULL,'2016-03-09','2016-02-18 15:28:30'),(287,3,2,0,0,NULL,'2016-02-19','2016-02-18 15:28:34'),(288,2,1,0,0,NULL,'2016-02-24','2016-02-18 15:28:50'),(289,2,1,0,0,NULL,'2016-03-02','2016-02-18 15:28:54'),(290,2,1,0,0,NULL,'2016-03-09','2016-02-18 15:28:58'),(291,10,2,0,0,NULL,'2016-02-26','2016-02-18 15:29:09'),(292,10,2,0,0,NULL,'2016-03-04','2016-02-18 15:29:12'),(293,10,2,0,0,NULL,'2016-03-11','2016-02-18 15:29:14'),(294,6,2,0,0,NULL,'2016-02-24','2016-02-18 15:29:23'),(295,6,1,0,0,NULL,'2016-02-16','2016-02-18 15:29:27'),(296,6,2,0,0,NULL,'2016-03-02','2016-02-18 15:29:30'),(297,6,2,0,0,NULL,'2016-03-09','2016-02-18 15:29:34'),(298,9,2,1,0,NULL,'2016-04-14','2016-02-18 15:30:10'),(300,9,1,1,0,NULL,'2016-04-13','2016-04-12 07:37:38'),(301,9,0,0,0,NULL,'2016-05-12','2016-04-18 07:26:03'),(302,9,0,1,0,NULL,'2016-03-10','2016-03-11 08:48:02'),(303,9,0,1,0,NULL,'2016-02-19','2016-02-19 12:16:46'),(304,4,2,0,0,NULL,'2016-02-26','2016-02-22 13:04:17'),(305,6,2,0,0,NULL,'2016-02-29','2016-02-22 13:10:16'),(307,6,2,0,0,NULL,'2016-03-01','2016-02-22 13:09:32'),(308,6,2,0,0,NULL,'2016-03-03','2016-02-22 13:09:35'),(309,6,2,0,0,NULL,'2016-03-04','2016-02-22 13:09:38'),(310,6,0,0,0,NULL,'2016-03-07','2016-02-22 13:10:06'),(315,6,2,0,0,NULL,'2016-03-16','2016-02-22 13:11:42'),(316,13,2,0,0,NULL,'2016-02-26','2016-02-25 11:34:47'),(317,13,2,0,0,NULL,'2016-02-29','2016-02-25 11:34:50'),(318,13,2,0,0,NULL,'2016-03-01','2016-02-25 11:34:52'),(319,9,0,1,0,NULL,'2016-03-02','2016-02-26 10:20:05'),(320,12,2,0,0,NULL,'2016-03-04','2016-03-01 16:29:16'),(321,12,2,0,0,NULL,'2016-03-16','2016-03-01 16:29:53'),(322,12,2,0,0,NULL,'2016-03-23','2016-03-01 16:29:58'),(323,8,0,1,0,NULL,'2016-03-07','2016-03-07 08:15:26'),(324,28,2,0,0,NULL,'2016-03-28','2016-03-07 08:30:31'),(325,29,2,0,0,NULL,'2016-03-28','2016-03-07 08:30:34'),(326,13,2,0,0,NULL,'2016-03-18','2016-03-07 08:31:21'),(329,13,2,0,0,NULL,'2016-04-01','2016-03-07 08:31:29'),(330,28,2,0,0,NULL,'2016-05-05','2016-03-17 09:18:35'),(331,29,2,0,0,NULL,'2016-05-05','2016-03-17 09:18:35'),(332,28,2,0,0,NULL,'2016-05-16','2016-03-07 08:32:17'),(333,29,2,0,0,NULL,'2016-05-16','2016-03-07 08:32:20'),(334,1,2,0,0,NULL,'2016-05-06','2016-03-07 08:34:28'),(335,1,2,0,0,NULL,'2016-05-20','2016-05-18 10:22:11'),(336,1,2,0,0,NULL,'2016-06-03','2016-03-07 08:34:28'),(337,1,0,0,0,'fdmg webwriter','2016-06-17','2016-06-15 21:44:56'),(338,1,0,1,0,'','2016-07-01','2016-06-15 21:10:35'),(339,1,0,1,0,'','2016-07-15','2016-06-15 21:10:35'),(340,1,2,0,0,NULL,'2016-07-29','2016-05-09 08:24:35'),(341,1,2,0,0,NULL,'2016-08-12','2016-03-07 08:34:29'),(342,1,2,0,0,NULL,'2016-08-26','2016-03-07 08:34:29'),(343,1,2,0,0,NULL,'2016-09-09','2016-03-07 08:34:29'),(344,1,2,0,0,NULL,'2016-09-23','2016-03-07 08:34:29'),(345,1,2,0,0,NULL,'2016-10-07','2016-03-07 08:34:29'),(346,1,2,0,0,NULL,'2016-10-21','2016-03-07 08:34:29'),(347,1,2,0,0,NULL,'2016-11-04','2016-03-07 08:34:29'),(348,1,2,0,0,NULL,'2016-11-18','2016-03-07 08:34:29'),(349,1,2,0,0,NULL,'2016-12-02','2016-03-07 08:34:29'),(350,1,2,0,0,NULL,'2016-12-16','2016-03-07 08:34:29'),(351,1,2,0,0,NULL,'2016-12-30','2016-03-07 08:34:29'),(352,10,2,0,0,NULL,'2016-03-18','2016-03-07 08:41:05'),(353,10,2,0,0,NULL,'2016-03-25','2016-03-07 08:41:26'),(354,10,2,0,0,NULL,'2016-04-01','2016-03-07 08:41:37'),(356,9,1,0,0,NULL,'2016-03-24','2016-03-24 08:52:08'),(360,9,1,1,0,NULL,'2016-03-17','2016-03-18 15:40:26'),(362,13,2,0,0,NULL,'2016-03-09','2016-03-08 14:54:22'),(363,4,1,0,0,NULL,'2016-03-14','2016-03-08 17:02:34'),(364,7,2,0,0,NULL,'2016-04-08','2016-03-11 08:28:50'),(365,7,2,0,0,NULL,'2016-05-06','2016-03-11 08:29:28'),(366,7,0,0,0,NULL,'2016-05-12','2016-03-11 08:29:47'),(370,7,1,0,0,NULL,'2016-03-17','2016-03-11 08:30:08'),(371,1,1,1,0,NULL,'2016-03-17','2016-03-14 08:32:38'),(373,8,1,0,0,NULL,'2016-03-17','2016-03-14 08:45:28'),(374,9,1,1,0,NULL,'2016-03-29','2016-03-17 08:58:20'),(376,3,2,0,0,NULL,'2016-05-17','2016-03-17 09:11:48'),(377,3,2,0,0,NULL,'2016-05-18','2016-03-17 09:11:56'),(378,3,2,0,0,NULL,'2016-05-19','2016-03-17 09:12:06'),(379,3,2,0,0,NULL,'2016-05-20','2016-03-17 09:12:17'),(380,11,2,0,0,NULL,'2016-04-27','2016-03-17 09:17:42'),(381,2,2,0,0,NULL,'2016-04-27','2016-03-17 09:17:42'),(382,13,2,0,1,NULL,'2016-04-27','2016-04-12 13:27:53'),(383,3,2,0,0,NULL,'2016-04-27','2016-03-17 09:17:42'),(384,7,2,0,0,NULL,'2016-04-27','2016-03-17 09:17:42'),(385,5,2,0,0,NULL,'2016-04-27','2016-03-17 09:17:42'),(386,12,2,0,0,NULL,'2016-04-27','2016-03-17 09:17:42'),(387,8,2,0,0,NULL,'2016-04-27','2016-03-17 09:17:42'),(388,9,2,0,0,NULL,'2016-04-27','2016-03-17 09:17:42'),(389,27,2,0,0,NULL,'2016-04-27','2016-03-17 09:17:42'),(390,6,2,0,0,NULL,'2016-04-27','2016-03-17 09:17:42'),(391,10,2,0,0,NULL,'2016-04-27','2016-03-17 09:17:42'),(392,4,2,0,0,NULL,'2016-04-27','2016-03-17 09:17:42'),(393,28,2,0,0,NULL,'2016-04-27','2016-03-17 09:17:42'),(394,29,2,0,0,NULL,'2016-04-27','2016-03-17 09:17:42'),(395,1,2,0,0,NULL,'2016-04-27','2016-03-17 09:17:42'),(413,3,2,0,0,NULL,'2016-03-23','2016-03-17 09:20:03'),(414,3,2,0,1,NULL,'2016-04-06','2016-04-04 08:59:43'),(415,3,2,0,0,NULL,'2016-04-20','2016-03-17 09:20:03'),(416,3,0,0,0,NULL,'2016-05-04','2016-05-04 08:39:19'),(418,3,0,0,0,NULL,'2016-06-01','2016-05-29 13:25:15'),(419,3,0,0,1,'webwriter','2016-06-15','2016-06-16 19:56:31'),(420,3,2,0,0,NULL,'2016-06-29','2016-03-17 09:20:03'),(421,3,2,0,0,NULL,'2016-07-13','2016-03-17 09:20:03'),(422,3,2,0,0,NULL,'2016-07-27','2016-03-17 09:20:03'),(423,3,2,0,0,NULL,'2016-08-10','2016-03-17 09:20:03'),(424,3,2,0,0,NULL,'2016-08-24','2016-03-17 09:20:04'),(425,3,2,0,0,NULL,'2016-09-07','2016-03-17 09:20:04'),(426,3,2,0,0,NULL,'2016-09-21','2016-03-17 09:20:04'),(427,3,2,0,0,NULL,'2016-10-05','2016-03-17 09:20:04'),(428,3,2,0,0,NULL,'2016-10-19','2016-03-17 09:20:04'),(429,3,2,0,0,NULL,'2016-11-02','2016-03-17 09:20:04'),(430,3,2,0,0,NULL,'2016-11-16','2016-03-17 09:20:04'),(431,3,2,0,0,NULL,'2016-11-30','2016-03-17 09:20:04'),(432,3,2,0,0,NULL,'2016-12-14','2016-03-17 09:20:04'),(433,3,2,0,0,NULL,'2016-12-28','2016-03-17 09:20:04'),(434,28,0,1,0,NULL,'2016-03-17','2016-03-17 09:21:11'),(437,8,0,0,0,NULL,'2016-03-18','2016-03-17 09:22:48'),(439,8,2,0,0,NULL,'2016-03-21','2016-03-17 09:22:52'),(440,8,2,0,0,NULL,'2016-03-22','2016-03-17 09:22:56'),(442,8,2,0,0,NULL,'2016-03-23','2016-03-17 09:22:59'),(443,8,2,0,0,NULL,'2016-03-24','2016-03-17 09:23:01'),(444,8,2,0,0,NULL,'2016-03-25','2016-03-17 09:23:04'),(446,11,1,0,0,NULL,'2016-03-17','2016-03-18 15:40:31'),(449,2,1,0,0,NULL,'2016-03-23','2016-03-21 08:28:27'),(450,2,1,0,0,NULL,'2016-03-30','2016-03-21 08:28:31'),(451,2,1,0,0,NULL,'2016-04-06','2016-03-21 08:28:39'),(452,2,1,0,0,NULL,'2016-04-13','2016-03-21 08:28:43'),(453,11,2,0,0,NULL,'2016-03-25','2016-03-21 08:28:46'),(454,11,2,0,0,NULL,'2016-04-01','2016-03-21 08:28:49'),(455,11,2,0,0,NULL,'2016-04-08','2016-03-21 08:28:54'),(457,11,2,0,0,NULL,'2016-04-15','2016-03-21 08:28:57'),(458,5,2,0,0,NULL,'2016-03-25','2016-03-21 08:29:25'),(459,5,2,0,0,NULL,'2016-04-08','2016-03-21 08:29:30'),(460,12,2,0,0,NULL,'2016-03-30','2016-03-21 08:29:35'),(461,12,2,0,0,NULL,'2016-04-06','2016-03-21 08:29:38'),(462,12,2,0,0,NULL,'2016-04-13','2016-03-21 08:29:41'),(463,27,2,0,0,NULL,'2016-03-25','2016-03-21 08:29:49'),(464,27,2,0,0,NULL,'2016-04-01','2016-03-21 08:29:52'),(465,27,2,0,0,NULL,'2016-04-08','2016-03-21 08:29:54'),(466,27,2,0,0,NULL,'2016-04-15','2016-03-21 08:29:57'),(467,6,2,0,0,NULL,'2016-03-23','2016-03-21 08:30:06'),(468,6,2,0,0,NULL,'2016-03-30','2016-03-21 08:30:08'),(469,6,2,0,0,NULL,'2016-04-06','2016-03-21 08:30:11'),(470,6,2,0,1,NULL,'2016-04-13','2016-03-29 07:37:42'),(471,10,2,0,0,NULL,'2016-04-08','2016-03-21 08:32:54'),(472,28,0,1,0,NULL,'2016-03-23','2016-03-21 08:32:55'),(473,10,2,0,0,NULL,'2016-04-15','2016-03-21 08:32:57'),(474,11,0,1,0,NULL,'2016-03-24','2016-03-21 09:00:40'),(481,11,0,1,0,NULL,'2016-03-31','2016-03-21 09:00:57'),(482,11,0,1,0,NULL,'2016-04-07','2016-03-21 09:01:01'),(483,11,0,1,0,NULL,'2016-04-14','2016-03-21 09:01:05'),(484,12,1,0,0,NULL,'2016-03-25','2016-03-21 14:15:53'),(485,4,2,0,0,NULL,'2016-04-08','2016-03-23 16:28:56'),(487,6,1,0,0,NULL,'2016-04-20','2016-04-20 09:49:08'),(488,6,0,0,1,NULL,'2016-04-11','2016-03-29 07:37:31'),(489,6,0,0,1,NULL,'2016-04-12','2016-03-29 07:37:39'),(491,6,0,0,1,NULL,'2016-04-14','2016-03-29 07:37:44'),(492,6,0,0,0,NULL,'2016-04-15','2016-04-12 13:27:20'),(493,5,0,0,1,NULL,'2016-03-29','2016-03-29 09:51:00'),(494,5,0,0,1,NULL,'2016-03-30','2016-03-29 09:51:03'),(495,5,0,0,1,NULL,'2016-03-31','2016-03-29 09:51:06'),(496,5,0,0,1,NULL,'2016-04-01','2016-03-29 09:51:08'),(497,8,1,0,0,NULL,'2016-04-05','2016-03-30 11:55:36'),(498,8,0,1,0,NULL,'2016-04-07','2016-03-30 11:55:45'),(499,9,0,1,0,NULL,'2016-04-07','2016-03-30 11:55:58'),(500,8,2,0,0,NULL,'2016-05-02','2016-03-30 11:57:55'),(501,8,2,0,0,NULL,'2016-05-03','2016-03-30 11:57:58'),(502,8,2,0,0,NULL,'2016-05-04','2016-03-30 11:58:05'),(503,30,2,0,0,NULL,'2016-05-05','2016-03-30 11:58:14'),(504,30,2,0,0,NULL,'2016-04-27','2016-03-30 11:58:17'),(505,30,2,0,0,NULL,'2016-05-16','2016-03-30 11:58:27'),(506,8,2,0,0,NULL,'2016-05-06','2016-03-30 11:58:50'),(507,8,2,0,0,NULL,'2016-05-24','2016-03-30 11:59:29'),(511,9,2,0,0,NULL,'2016-08-29','2016-04-02 10:02:02'),(512,9,2,0,0,NULL,'2016-08-30','2016-04-02 10:02:06'),(513,9,2,0,0,NULL,'2016-08-31','2016-04-02 10:02:09'),(514,9,2,0,0,NULL,'2016-09-01','2016-04-02 10:02:12'),(515,9,2,0,0,NULL,'2016-09-02','2016-04-02 10:02:16'),(516,13,2,0,0,NULL,'2016-04-15','2016-04-04 08:25:49'),(517,13,0,0,1,NULL,'2016-04-29','2016-04-12 13:27:58'),(518,8,1,0,0,NULL,'2016-04-08','2016-04-04 08:26:36'),(519,9,1,0,0,NULL,'2016-04-11','2016-04-04 08:27:52'),(520,3,0,0,1,NULL,'2016-04-04','2016-04-04 08:59:43'),(521,3,0,0,1,NULL,'2016-04-05','2016-04-04 08:59:43'),(523,3,0,0,1,NULL,'2016-04-07','2016-04-04 08:59:43'),(524,3,0,0,1,NULL,'2016-04-08','2016-04-04 08:59:43'),(525,29,0,0,0,NULL,'2016-04-04','2016-04-06 08:32:52'),(526,11,0,0,0,NULL,'2016-04-04','2016-04-06 08:33:05'),(527,7,1,0,0,NULL,'2016-04-11','2016-04-05 09:16:17'),(528,7,0,1,0,NULL,'2016-04-07','2016-04-06 08:14:32'),(530,29,0,1,0,NULL,'2016-04-06','2016-04-06 08:32:58'),(531,11,0,1,0,NULL,'2016-04-05','2016-04-06 08:33:02'),(533,6,0,1,0,NULL,'2016-04-08','2016-04-07 14:10:15'),(535,13,2,0,0,NULL,'2016-04-22','2016-04-12 13:15:08'),(539,7,2,0,0,NULL,'2016-06-13','2016-04-12 13:20:13'),(540,7,2,0,0,NULL,'2016-06-14','2016-04-12 13:20:20'),(541,7,2,0,0,NULL,'2016-06-15','2016-04-12 13:20:23'),(542,7,2,0,0,NULL,'2016-06-16','2016-04-12 13:20:28'),(543,7,2,0,0,NULL,'2016-06-17','2016-04-12 13:20:31'),(544,7,2,0,0,NULL,'2016-06-20','2016-04-12 13:20:34'),(545,7,2,0,0,NULL,'2016-06-21','2016-04-12 13:20:37'),(546,7,2,0,0,NULL,'2016-06-22','2016-04-12 13:20:39'),(547,7,2,0,0,NULL,'2016-06-23','2016-04-12 13:20:42'),(548,7,2,0,0,NULL,'2016-06-24','2016-04-12 13:20:45'),(549,7,2,0,0,NULL,'2016-06-27','2016-04-12 13:20:50'),(551,7,2,0,0,NULL,'2016-06-28','2016-04-12 13:20:54'),(552,8,0,1,0,NULL,'2016-04-13','2016-04-12 13:25:44'),(553,5,0,0,1,NULL,'2016-04-15','2016-04-12 13:27:18'),(555,12,0,0,1,NULL,'2016-04-18','2016-04-12 13:27:36'),(556,12,0,0,1,NULL,'2016-04-19','2016-04-12 13:27:37'),(557,12,2,0,1,NULL,'2016-04-20','2016-04-15 13:24:21'),(558,12,0,0,1,NULL,'2016-04-21','2016-04-12 13:27:41'),(559,12,0,0,1,NULL,'2016-04-22','2016-04-12 13:27:42'),(560,13,0,0,1,NULL,'2016-04-25','2016-04-12 13:27:49'),(561,13,0,0,1,NULL,'2016-04-26','2016-04-12 13:27:50'),(563,13,0,0,1,NULL,'2016-04-28','2016-04-12 13:27:54'),(567,5,2,0,0,NULL,'2016-05-02','2016-04-29 14:16:10'),(568,5,2,0,0,NULL,'2016-05-03','2016-04-29 14:16:18'),(569,5,2,0,0,NULL,'2016-05-04','2016-04-29 14:16:20'),(571,5,2,0,0,NULL,'2016-05-06','2016-04-29 14:16:26'),(573,1,2,0,0,NULL,'2016-04-25','2016-04-14 16:05:02'),(576,4,2,0,0,NULL,'2016-05-06','2016-04-15 08:57:06'),(577,9,2,1,0,NULL,'2016-04-21','2016-04-15 10:32:05'),(579,9,2,1,0,NULL,'2016-04-22','2016-04-15 10:32:08'),(583,11,2,0,0,NULL,'2016-04-19','2016-04-18 08:46:39'),(584,11,2,0,0,NULL,'2016-04-20','2016-04-18 08:46:43'),(585,11,2,0,0,NULL,'2016-04-29','2016-04-18 08:47:09'),(586,11,2,0,0,NULL,'2016-05-06','2016-04-18 08:47:41'),(587,11,2,0,0,NULL,'2016-05-13','2016-04-18 08:47:46'),(588,11,0,1,0,NULL,'2016-04-21','2016-04-18 08:47:56'),(589,11,0,1,0,NULL,'2016-05-12','2016-04-18 08:48:11'),(590,6,0,0,0,NULL,'2016-04-29','2016-04-28 07:09:00'),(593,6,1,0,0,NULL,'2016-04-25','2016-04-20 09:49:00'),(595,28,0,1,0,NULL,'2016-04-22','2016-04-21 11:01:45'),(596,6,0,0,1,NULL,'2016-05-03','2016-04-22 07:58:37'),(597,6,0,0,1,NULL,'2016-05-04','2016-04-22 08:24:07'),(599,6,0,0,1,NULL,'2016-05-06','2016-04-22 08:24:09'),(605,9,2,1,0,NULL,'2016-05-03','2016-04-25 07:38:23'),(607,10,2,0,0,NULL,'2016-04-29','2016-04-25 07:40:07'),(608,10,2,0,0,NULL,'2016-05-06','2016-04-25 07:40:23'),(609,10,2,0,0,NULL,'2016-05-12','2016-04-25 07:41:05'),(610,10,2,0,0,NULL,'2016-05-13','2016-04-25 07:41:07'),(611,10,2,0,0,NULL,'2016-05-17','2016-04-25 07:41:11'),(612,10,2,0,0,NULL,'2016-05-20','2016-04-25 07:41:27'),(613,12,0,0,1,NULL,'2016-05-02','2016-04-25 08:23:31'),(615,2,2,0,0,NULL,'2016-04-28','2016-04-25 10:53:57'),(616,2,2,0,0,NULL,'2016-04-29','2016-04-25 10:53:59'),(617,2,2,0,0,NULL,'2016-05-02','2016-04-25 10:54:01'),(618,2,2,0,0,NULL,'2016-05-03','2016-04-25 10:54:04'),(619,2,2,0,0,NULL,'2016-05-04','2016-04-25 10:54:06'),(620,2,2,0,0,NULL,'2016-05-06','2016-04-25 10:54:44'),(622,13,2,0,0,NULL,'2016-05-06','2016-04-28 09:05:51'),(624,11,0,1,0,NULL,'2016-04-28','2016-04-28 09:39:37'),(625,11,2,0,0,NULL,'2016-05-20','2016-04-28 09:41:33'),(626,28,2,0,0,NULL,'2016-04-28','2016-04-29 07:43:59'),(627,28,2,0,0,NULL,'2016-04-29','2016-04-29 07:44:02'),(628,8,0,1,0,NULL,'2016-04-29','2016-04-29 07:44:16'),(629,12,2,0,0,NULL,'2016-05-04','2016-04-29 11:59:13'),(631,12,2,0,1,NULL,'2016-05-11','2016-05-01 07:30:17'),(632,12,2,0,0,NULL,'2016-05-18','2016-04-29 12:01:47'),(633,12,2,0,0,NULL,'2016-05-25','2016-04-29 12:01:47'),(634,12,2,0,0,NULL,'2016-06-01','2016-04-29 12:01:48'),(635,12,2,0,0,NULL,'2016-06-08','2016-04-29 12:01:49'),(636,12,2,0,0,NULL,'2016-06-15','2016-04-29 12:01:50'),(637,12,2,0,0,NULL,'2016-06-22','2016-04-29 12:01:51'),(638,12,2,0,1,NULL,'2016-06-29','2016-06-13 14:38:40'),(639,12,2,0,0,NULL,'2016-07-06','2016-04-29 12:01:53'),(640,12,2,0,0,NULL,'2016-07-13','2016-04-29 12:01:54'),(641,12,2,0,0,NULL,'2016-07-20','2016-04-29 12:01:55'),(642,12,2,0,0,NULL,'2016-07-27','2016-04-29 12:01:56'),(643,12,2,0,0,NULL,'2016-08-03','2016-04-29 12:01:57'),(648,5,2,0,0,NULL,'2016-05-09','2016-04-29 14:16:31'),(649,5,2,0,0,NULL,'2016-05-10','2016-04-29 14:16:35'),(650,5,2,0,0,NULL,'2016-05-11','2016-04-29 14:16:36'),(651,5,2,0,0,NULL,'2016-05-12','2016-04-29 14:16:38'),(652,5,2,0,0,NULL,'2016-05-13','2016-04-29 14:16:41'),(653,5,2,0,0,NULL,'2016-05-17','2016-04-29 14:16:44'),(654,5,2,0,0,NULL,'2016-05-18','2016-04-29 14:16:46'),(655,5,2,0,0,NULL,'2016-05-19','2016-04-29 14:16:50'),(656,5,2,0,0,NULL,'2016-05-20','2016-04-29 14:16:53'),(657,5,2,0,0,NULL,'2016-05-23','2016-04-29 14:16:56'),(658,5,2,0,0,NULL,'2016-05-24','2016-04-29 14:17:00'),(659,5,2,0,0,NULL,'2016-05-25','2016-04-29 14:17:11'),(660,5,2,0,0,NULL,'2016-05-26','2016-04-29 14:17:15'),(661,5,2,0,0,NULL,'2016-05-27','2016-04-29 14:17:19'),(662,12,0,0,1,NULL,'2016-05-09','2016-05-01 07:30:11'),(663,12,0,0,1,NULL,'2016-05-10','2016-05-01 07:30:14'),(665,12,0,0,1,NULL,'2016-05-12','2016-05-01 07:30:21'),(666,12,0,0,1,NULL,'2016-05-13','2016-05-01 07:30:25'),(667,1,0,1,0,'','2016-07-11','2016-06-15 21:10:35'),(668,1,0,1,0,'','2016-07-12','2016-06-15 21:10:35'),(669,1,0,1,0,'','2016-07-13','2016-06-15 21:25:03'),(670,1,0,1,0,'','2016-07-14','2016-06-15 21:25:05'),(672,1,0,1,0,NULL,'2016-07-18','2016-05-02 14:24:54'),(673,1,0,1,0,NULL,'2016-07-19','2016-05-02 14:24:54'),(674,1,0,1,0,NULL,'2016-07-20','2016-05-02 14:24:54'),(675,1,0,1,0,NULL,'2016-07-21','2016-05-02 14:24:54'),(676,1,0,1,0,NULL,'2016-07-22','2016-05-02 14:24:54'),(677,1,0,1,0,NULL,'2016-07-25','2016-05-02 14:24:54'),(678,1,0,1,0,NULL,'2016-07-26','2016-05-02 14:24:54'),(679,1,0,1,0,NULL,'2016-07-27','2016-05-02 14:24:54'),(680,1,0,1,0,NULL,'2016-07-28','2016-05-02 14:24:54'),(682,1,2,0,0,NULL,'2016-08-01','2016-05-09 08:17:22'),(683,1,2,0,0,NULL,'2016-08-02','2016-05-09 08:17:26'),(684,1,2,0,0,NULL,'2016-08-03','2016-05-09 08:17:29'),(685,1,2,0,0,NULL,'2016-08-04','2016-05-09 08:17:39'),(686,1,2,0,0,NULL,'2016-08-05','2016-05-09 08:17:43'),(687,28,0,1,0,NULL,'2016-05-06','2016-05-03 07:18:14'),(691,3,2,0,0,NULL,'2016-05-06','2016-05-04 08:39:14'),(693,1,2,0,0,'','2016-06-28','2016-06-15 21:17:17'),(695,6,0,0,1,NULL,'2016-05-17','2016-05-09 08:16:47'),(697,1,2,0,0,'','2016-06-29','2016-06-15 21:24:50'),(698,1,0,1,0,'','2016-06-30','2016-06-15 21:24:47'),(700,1,0,1,0,'','2016-07-04','2016-06-15 21:10:35'),(701,1,0,1,0,'','2016-07-05','2016-06-15 21:10:35'),(702,1,0,1,0,'','2016-07-06','2016-06-15 21:24:55'),(703,1,0,1,0,'','2016-07-07','2016-06-15 21:24:56'),(704,1,0,1,0,'','2016-07-08','2016-06-15 21:10:35'),(725,1,2,0,0,NULL,'2016-08-08','2016-05-09 08:17:47'),(726,6,0,0,1,NULL,'2016-05-18','2016-05-09 08:16:50'),(728,6,0,0,1,NULL,'2016-05-19','2016-05-09 08:16:52'),(729,6,0,0,1,NULL,'2016-05-20','2016-05-09 08:16:54'),(752,11,0,1,0,NULL,'2016-05-10','2016-05-10 14:01:34'),(753,8,0,1,0,NULL,'2016-05-11','2016-05-11 06:55:41'),(754,27,2,0,0,NULL,'2016-05-13','2016-05-11 06:56:59'),(755,27,2,0,0,NULL,'2016-05-20','2016-05-11 06:57:05'),(756,27,2,0,0,NULL,'2016-05-27','2016-05-11 06:57:12'),(757,27,2,0,0,NULL,'2016-06-03','2016-05-11 06:57:17'),(758,29,2,0,0,NULL,'2016-06-13','2016-05-11 07:04:14'),(759,29,2,0,0,NULL,'2016-06-14','2016-05-11 07:04:19'),(760,29,2,0,0,NULL,'2016-06-15','2016-05-11 07:04:22'),(761,29,2,0,0,NULL,'2016-06-16','2016-05-11 07:04:30'),(762,29,2,0,0,NULL,'2016-06-17','2016-05-11 07:04:38'),(763,29,2,0,0,NULL,'2016-06-10','2016-05-11 07:04:48'),(764,13,0,0,0,NULL,'2016-05-20','2016-05-11 07:19:14'),(766,13,0,1,0,NULL,'2016-05-24','2016-05-12 07:35:22'),(767,13,2,0,0,NULL,'2016-05-13','2016-05-12 07:35:29'),(768,13,2,0,0,NULL,'2016-05-27','2016-05-12 07:35:37'),(769,28,0,1,0,NULL,'2016-05-13','2016-05-13 06:46:02'),(770,12,2,0,0,NULL,'2016-05-26','2016-05-18 09:27:23'),(771,12,2,0,0,NULL,'2016-05-27','2016-05-18 09:27:33'),(776,13,2,0,0,NULL,'2016-06-10','2016-05-22 14:12:09'),(777,13,0,0,1,NULL,'2016-05-30','2016-05-22 14:17:22'),(778,13,0,0,1,NULL,'2016-05-31','2016-05-22 14:17:24'),(779,13,0,0,1,NULL,'2016-06-01','2016-05-22 14:17:25'),(780,13,0,1,1,NULL,'2016-06-02','2016-05-30 10:35:41'),(781,13,2,0,1,NULL,'2016-06-03','2016-05-31 15:24:59'),(782,3,2,0,1,NULL,'2016-05-25','2016-05-25 07:23:00'),(786,3,0,0,1,NULL,'2016-05-26','2016-05-25 07:23:11'),(787,3,0,0,1,NULL,'2016-05-27','2016-05-25 07:23:13'),(788,3,0,0,1,NULL,'2016-05-24','2016-05-25 07:23:14'),(789,3,0,0,1,NULL,'2016-05-23','2016-05-25 07:23:17'),(790,13,0,1,0,NULL,'2016-05-26','2016-05-25 14:30:17'),(791,28,0,1,0,NULL,'2016-05-26','2016-05-25 14:57:06'),(792,28,0,1,0,NULL,'2016-05-27','2016-05-27 10:03:54'),(794,3,2,0,0,NULL,'2016-05-30','2016-05-29 13:28:46'),(795,10,2,0,0,NULL,'2016-06-01','2016-05-30 07:33:56'),(796,10,2,0,0,NULL,'2016-06-10','2016-05-30 07:34:07'),(797,10,2,0,0,NULL,'2016-06-17','2016-05-30 07:34:15'),(798,10,2,0,0,NULL,'2016-06-24','2016-05-30 07:34:22'),(800,13,2,0,0,NULL,'2016-06-24','2016-05-30 10:36:00'),(802,5,2,0,0,NULL,'2016-06-03','2016-06-01 15:07:33'),(803,5,2,0,0,NULL,'2016-06-17','2016-06-01 15:07:44'),(804,5,2,0,0,NULL,'2016-07-01','2016-06-01 15:09:01'),(805,5,0,0,0,'','2016-07-15','2016-06-16 10:56:53'),(806,29,0,1,0,NULL,'2016-06-02','2016-06-01 16:16:51'),(807,28,0,1,0,NULL,'2016-06-02','2016-06-02 06:44:22'),(808,28,2,0,0,NULL,'2016-06-06','2016-06-02 13:05:18'),(809,28,2,0,0,NULL,'2016-06-07','2016-06-02 13:05:25'),(810,6,2,0,0,NULL,'2016-06-08','2016-06-07 10:52:26'),(811,6,0,0,0,NULL,'2016-06-09','2016-06-07 10:52:22'),(812,6,0,0,0,'','2016-06-15','2016-06-16 11:14:52'),(813,6,2,0,1,NULL,'2016-06-22','2016-06-13 14:38:27'),(814,6,2,0,0,NULL,'2016-06-29','2016-06-07 10:08:48'),(817,1,0,0,0,'fdmg webwriter','2016-06-20','2016-06-15 21:44:56'),(819,1,2,0,0,'','2016-06-27','2016-06-15 21:16:54'),(821,31,0,1,0,'webwriter','2016-06-20','2016-06-16 19:57:56'),(822,31,0,0,0,'webwriter','2016-06-17','2016-06-16 19:57:55'),(824,31,2,0,0,NULL,'2016-07-01','2016-06-10 08:28:58'),(825,31,2,0,0,NULL,'2016-07-15','2016-06-10 08:28:58'),(826,31,2,0,0,NULL,'2016-07-29','2016-06-10 08:28:58'),(827,31,2,0,0,NULL,'2016-08-12','2016-06-10 08:28:58'),(828,31,2,0,0,NULL,'2016-08-26','2016-06-10 08:28:58'),(829,31,2,0,0,NULL,'2016-09-09','2016-06-10 08:28:58'),(830,31,2,0,0,NULL,'2016-09-23','2016-06-10 08:28:58'),(831,31,2,0,0,NULL,'2016-10-07','2016-06-10 08:28:58'),(840,31,2,0,0,'webwriter','2016-06-13','2016-06-16 19:57:49'),(841,5,0,1,0,NULL,'2016-06-14','2016-06-13 08:48:39'),(842,5,0,1,0,NULL,'2016-06-15','2016-06-13 08:48:43'),(843,28,0,1,0,'webwriter','2016-06-14','2016-06-16 19:56:59'),(844,3,0,0,1,'webwriter','2016-06-13','2016-06-16 19:56:26'),(845,3,0,0,1,'webwriter','2016-06-14','2016-06-16 19:56:29'),(847,3,0,0,1,'webwriter','2016-06-16','2016-06-16 19:58:44'),(848,3,0,0,1,'webwriter','2016-06-17','2016-06-16 19:56:33'),(849,6,0,0,0,'','2016-06-20','2016-06-16 14:33:30'),(850,6,0,0,1,NULL,'2016-06-21','2016-06-13 14:38:25'),(852,6,0,0,1,NULL,'2016-06-23','2016-06-13 14:38:28'),(853,6,0,0,1,NULL,'2016-06-24','2016-06-13 14:38:30'),(854,12,0,0,1,NULL,'2016-06-27','2016-06-13 14:38:37'),(855,12,0,0,1,NULL,'2016-06-28','2016-06-13 14:38:38'),(857,12,0,0,1,NULL,'2016-06-30','2016-06-13 14:38:41'),(858,12,0,0,1,NULL,'2016-07-01','2016-06-13 14:38:43'),(859,13,0,0,1,NULL,'2016-07-04','2016-06-13 14:38:51'),(860,13,0,0,1,NULL,'2016-07-05','2016-06-13 14:38:53'),(861,13,0,0,1,NULL,'2016-07-06','2016-06-13 14:38:54'),(862,13,0,0,1,NULL,'2016-07-07','2016-06-13 14:38:55'),(863,13,0,0,1,NULL,'2016-07-08','2016-06-13 14:38:56'),(864,1,0,1,0,'fdmg webwriter','2016-06-14','2016-06-15 21:45:07'),(865,28,2,0,0,'webwriter','2016-06-20','2016-06-16 19:57:04'),(869,1,0,0,0,'fdmg webwriter','2016-06-13','2016-06-15 21:45:04'),(910,1,0,0,0,'fdmg webwriter','2016-06-15','2016-06-15 21:44:56'),(911,1,0,0,0,'fdmg webwriter','2016-06-16','2016-06-15 21:44:56'),(914,1,0,0,0,'fdmg webwriter','2016-06-21','2016-06-15 21:44:56'),(915,1,0,0,0,'fdmg webwriter','2016-06-22','2016-06-15 21:44:56'),(916,1,0,0,0,'fdmg webwriter','2016-06-23','2016-06-15 21:44:56'),(917,1,0,0,0,'fdmg webwriter','2016-06-24','2016-06-15 21:44:56'),(986,0,0,0,0,'','0000-00-00','2016-06-15 21:34:53'),(1013,5,2,0,0,'','2016-07-04','2016-06-16 10:56:14'),(1016,5,2,0,0,'','2016-07-05','2016-06-16 10:56:20'),(1018,5,2,0,0,'','2016-07-06','2016-06-16 10:56:25'),(1019,5,2,0,0,'','2016-07-07','2016-06-16 10:56:28'),(1020,5,2,0,0,'','2016-07-08','2016-06-16 10:56:32'),(1021,5,2,0,0,'','2016-07-11','2016-06-16 10:56:36'),(1023,5,2,0,0,'','2016-07-29','2016-06-16 10:57:05'),(1024,6,2,0,0,'','2016-06-17','2016-06-16 11:14:48'),(1026,6,2,0,0,'','2016-07-06','2016-06-16 11:15:07'),(1028,3,2,0,0,'webwriter','2016-06-22','2016-06-16 19:56:44'),(1030,13,0,0,1,'','2016-06-20','2016-06-16 14:33:30'),(1031,4,0,0,0,'','2016-06-16','2016-06-16 19:52:34'),(1032,4,0,0,0,'','2016-06-17','2016-06-16 19:52:34'),(1033,4,0,0,0,'','2016-06-20','2016-06-16 19:52:34'),(1034,4,0,0,0,'','2016-06-21','2016-06-16 19:52:34'),(1035,4,0,0,0,'','2016-06-22','2016-06-16 19:50:04'),(1036,4,0,0,0,'','2016-06-23','2016-06-16 19:50:04'),(1037,4,0,0,0,'','2016-06-24','2016-06-16 19:50:04'),(1045,4,0,0,0,'','2016-06-27','2016-06-16 19:45:12'),(1046,4,0,0,0,'','2016-06-28','2016-06-16 19:45:12'),(1047,4,0,0,0,'','2016-06-29','2016-06-16 19:45:12'),(1048,4,0,0,0,'','2016-06-30','2016-06-16 19:45:12'),(1049,4,0,0,0,'','2016-07-01','2016-06-16 19:45:12'),(1050,4,0,0,0,'','2016-07-04','2016-06-16 19:45:12'),(1051,4,0,0,0,'','2016-07-05','2016-06-16 19:45:12'),(1052,4,0,0,0,'','2016-07-06','2016-06-16 19:45:12'),(1053,4,0,0,0,'','2016-07-07','2016-06-16 19:45:12'),(1054,4,0,0,0,'','2016-07-08','2016-06-16 19:45:12'),(1055,4,0,0,0,'','2016-07-11','2016-06-16 19:45:12'),(1056,4,0,0,0,'','2016-07-12','2016-06-16 19:45:13'),(1057,4,0,0,0,'','2016-07-13','2016-06-16 19:45:13'),(1058,4,0,0,0,'','2016-07-14','2016-06-16 19:45:13'),(1059,4,0,0,0,'','2016-07-15','2016-06-16 19:45:13'),(1127,3,0,0,0,'webwriter','2016-06-20','2016-06-16 19:56:36'),(1128,3,0,0,0,'webwriter','2016-06-21','2016-06-16 19:56:38'),(1129,3,0,0,0,'webwriter','2016-06-23','2016-06-16 19:56:41'),(1131,28,0,0,0,'webwriter','2016-06-13','2016-06-16 19:56:57'),(1133,28,0,0,0,'webwriter','2016-06-15','2016-06-16 19:57:00'),(1134,28,0,0,0,'webwriter','2016-06-17','2016-06-16 19:57:03'),(1136,28,0,0,0,'webwriter','2016-06-21','2016-06-16 19:57:06'),(1137,28,0,0,0,'webwriter','2016-06-22','2016-06-16 19:57:09'),(1138,28,0,0,0,'webwriter','2016-06-23','2016-06-16 19:57:15'),(1139,28,0,0,0,'webwriter','2016-06-24','2016-06-16 19:57:17'),(1141,31,0,0,0,'webwriter','2016-06-14','2016-06-16 19:57:50'),(1142,31,0,0,0,'webwriter','2016-06-15','2016-06-16 19:57:52'),(1143,31,0,0,0,'webwriter','2016-06-16','2016-06-16 19:57:53'),(1146,31,0,0,0,'webwriter','2016-06-21','2016-06-16 19:57:58'),(1147,31,0,0,0,'webwriter','2016-06-23','2016-06-16 19:58:01'),(1148,31,0,0,0,'webwriter','2016-06-27','2016-06-16 19:58:04'),(1149,31,0,0,0,'webwriter','2016-06-24','2016-06-16 19:58:06'),(1150,31,0,0,0,'webwriter','2016-06-28','2016-06-16 19:58:20'),(1151,31,0,0,0,'webwriter','2016-06-29','2016-06-16 19:58:22'),(1152,31,0,0,0,'webwriter','2016-06-30','2016-06-16 19:58:23'),(1153,31,0,0,0,'webwriter','2016-06-22','2016-06-16 19:58:36'),(1155,28,0,0,0,'webwriter','2016-06-16','2016-06-16 19:58:53');
/*!40000 ALTER TABLE `users_dates` ENABLE KEYS */;
UNLOCK TABLES;
/*!40103 SET TIME_ZONE=@OLD_TIME_ZONE */;

/*!40101 SET SQL_MODE=@OLD_SQL_MODE */;
/*!40014 SET FOREIGN_KEY_CHECKS=@OLD_FOREIGN_KEY_CHECKS */;
/*!40014 SET UNIQUE_CHECKS=@OLD_UNIQUE_CHECKS */;
/*!40101 SET CHARACTER_SET_CLIENT=@OLD_CHARACTER_SET_CLIENT */;
/*!40101 SET CHARACTER_SET_RESULTS=@OLD_CHARACTER_SET_RESULTS */;
/*!40101 SET COLLATION_CONNECTION=@OLD_COLLATION_CONNECTION */;
/*!40111 SET SQL_NOTES=@OLD_SQL_NOTES */;

-- Dump completed on 2016-06-16 21:59:50
